{
"Bx_mean" : -0.021102,
"Bx_std"  : 3.705249,
"By_mean" : 0.071447,
"By_std"  : 4.156203,
"Bz_mean" : -0.009164,
"Bz_std"  : 3.530401,
"Vx_mean" : -432.270016,
"Vx_std"  : 102.603403,
"Np_mean" : 6.135461,
"Np_std"  : 5.068881
}
